70000,..\Resource\Image\BackGround\Word\0.PNG
70001,..\Resource\Image\BackGround\Word\1.PNG
70002,..\Resource\Image\BackGround\Word\2.PNG
70003,..\Resource\Image\BackGround\Word\3.PNG
70004,..\Resource\Image\BackGround\Word\4.PNG
70005,..\Resource\Image\BackGround\Word\5.PNG
70006,..\Resource\Image\BackGround\Word\6.PNG
70007,..\Resource\Image\BackGround\Word\7.PNG
70008,..\Resource\Image\BackGround\Word\8.PNG
70009,..\Resource\Image\BackGround\Word\9.PNG
70010,..\Resource\Image\BackGround\Word\A.PNG
70011,..\Resource\Image\BackGround\Word\B.PNG
70012,..\Resource\Image\BackGround\Word\C.PNG
70013,..\Resource\Image\BackGround\Word\D.PNG
70014,..\Resource\Image\BackGround\Word\E.PNG
70015,..\Resource\Image\BackGround\Word\F.PNG
70016,..\Resource\Image\BackGround\Word\G.PNG
70017,..\Resource\Image\BackGround\Word\H.PNG
70018,..\Resource\Image\BackGround\Word\I.PNG
70019,..\Resource\Image\BackGround\Word\J.PNG
70020,..\Resource\Image\BackGround\Word\K.PNG
70021,..\Resource\Image\BackGround\Word\L.PNG
70022,..\Resource\Image\BackGround\Word\M.PNG
70023,..\Resource\Image\BackGround\Word\N.PNG
70024,..\Resource\Image\BackGround\Word\O.PNG
70025,..\Resource\Image\BackGround\Word\P.PNG
70026,..\Resource\Image\BackGround\Word\Q.PNG
70027,..\Resource\Image\BackGround\Word\R.PNG
70028,..\Resource\Image\BackGround\Word\S.PNG
70029,..\Resource\Image\BackGround\Word\T.PNG
70030,..\Resource\Image\BackGround\Word\U.PNG
70031,..\Resource\Image\BackGround\Word\V.PNG
70032,..\Resource\Image\BackGround\Word\W.PNG
70033,..\Resource\Image\BackGround\Word\X.PNG
70034,..\Resource\Image\BackGround\Word\Y.PNG
70035,..\Resource\Image\BackGround\Word\Z.PNG
70036,..\Resource\Image\BackGround\Word\space.PNG